decision_date,next_date,basket_hash,basket_members,n_valid,coverage,F_tk,label_v0_0,label_v0_1,p_v0_0,p_v0_1,r_alts,r_maj_weighted,y,r_btc,r_eth
2024-02-05,2024-02-12,"ADA,APT,ARB,ATOM,BCH,DOT,ETC,FIL,HBAR,ICP,IMX,INJ,KAS,LDO,LINK,LTC,NEAR,OP,QNT,RENDER,STETH,STX,SUI,TAO,TIA,UNI,VET,XLM,XMR,XRP","XRP,STETH,ADA,LINK,DOT,ICP,LTC,BCH,UNI,ETC,ATOM,XLM,XMR,APT,OP,INJ,IMX,NEAR,TIA,TAO,FIL,LDO,HBAR,KAS,ARB,STX,VET,RENDER,SUI,QNT",27,90.0,0.0069138518518518524,YellowGreen,,71.56862745098039,,0.10312919879764024,0.12002830785172725,0.016899109054087008,0.1312348783254884,0.09387964341295119
2024-02-12,2024-02-19,"ADA,APT,ARB,ATOM,BCH,DOT,ETC,FIL,HBAR,ICP,IMX,INJ,KAS,LDO,LINK,LTC,NEAR,OP,RENDER,SEI,STETH,STX,SUI,TAO,TIA,UNI,VET,XLM,XMR,XRP","XRP,STETH,ADA,LINK,DOT,ICP,BCH,LTC,UNI,IMX,ATOM,ETC,OP,TAO,NEAR,KAS,TIA,XLM,INJ,APT,FIL,STX,HBAR,LDO,ARB,VET,XMR,SUI,RENDER,SEI",27,90.0,-0.0012519629629629628,Red,,15.686274509803921,,0.13010162604718348,0.10165117845190469,-0.02845044759527879,0.08193844534948336,0.14764755569088783
2024-02-19,2024-02-26,"ADA,APT,ARB,ATOM,BCH,DOT,ETC,FIL,GRT,HBAR,ICP,IMX,INJ,KAS,LDO,LINK,LTC,NEAR,OP,RENDER,SEI,STETH,STX,TAO,TIA,UNI,VET,XLM,XMR,XRP","XRP,STETH,ADA,LINK,DOT,ICP,UNI,BCH,LTC,IMX,ATOM,TAO,STX,ETC,KAS,NEAR,OP,APT,INJ,VET,XLM,FIL,TIA,HBAR,LDO,ARB,SEI,GRT,XMR,RENDER",27,90.0,0.021986714285714287,Green,,94.11764705882352,,0.03030883365835812,0.019693140604026285,-0.010615693054331833,-0.0074149014485934694,0.0829452387268057
2024-02-26,2024-03-04,"ADA,APT,ARB,ATOM,BCH,DOT,ETC,FIL,GRT,HBAR,ICP,IMX,INJ,KAS,LDO,LINK,LTC,NEAR,OP,RENDER,SEI,STETH,STX,TAO,TIA,UNI,VET,XLM,XMR,XRP","STETH,XRP,ADA,LINK,DOT,UNI,ICP,BCH,LTC,IMX,FIL,ATOM,KAS,ETC,NEAR,STX,OP,HBAR,TAO,APT,XLM,VET,INJ,LDO,TIA,GRT,RENDER,ARB,XMR,SEI",27,90.0,0.025864333333333333,Green,,95.09803921568627,,0.14197282081430088,0.18887792877730358,0.04690510796300271,0.2183731392683872,0.12005577096477515
2024-03-04,2024-03-11,"ADA,APT,ARB,ATOM,BCH,DOT,ETC,FIL,GRT,HBAR,ICP,IMX,INJ,KAS,LDO,LINK,LTC,NEAR,OP,PEPE,RENDER,STETH,STX,TAO,TIA,UNI,VET,XLM,XMR,XRP","XRP,STETH,ADA,DOT,LINK,UNI,BCH,LTC,ICP,FIL,ETC,ATOM,IMX,NEAR,STX,APT,TAO,OP,XLM,KAS,HBAR,INJ,VET,GRT,LDO,RENDER,TIA,XMR,ARB,PEPE",26,86.66666666666667,0.05562871978021978,Green,,100.0,,0.07877355750196886,0.10129691618586521,0.02252335868389635,0.09551569904377755,0.11478642285073648
2024-03-11,2024-03-18,"ADA,APT,ARB,ATOM,BCH,DOT,ETC,FIL,GALA,GRT,HBAR,ICP,IMX,INJ,KAS,LDO,LINK,LTC,NEAR,OP,PEPE,RENDER,STETH,STX,TAO,THETA,UNI,VET,XLM,XRP","STETH,XRP,ADA,DOT,LINK,UNI,BCH,LTC,ICP,NEAR,FIL,ETC,ATOM,IMX,APT,OP,TAO,RENDER,STX,HBAR,GRT,XLM,PEPE,INJ,VET,KAS,THETA,ARB,LDO,GALA",26,86.66666666666667,0.045986384615384616,Green,,99.01960784313727,,-0.05253699870316594,-0.025434112881731072,0.027102885821434865,-0.009413607640416988,-0.06281529177813061
2024-03-18,2024-03-25,"ADA,APT,ATOM,BCH,DOT,ETC,FET,FIL,GRT,HBAR,ICP,IMX,INJ,KAS,LINK,LTC,NEAR,OP,PEPE,RENDER,RUNE,STETH,STX,TAO,THETA,UNI,VET,WIF,XLM,XRP","STETH,XRP,ADA,DOT,LINK,UNI,NEAR,BCH,LTC,ICP,APT,RENDER,FIL,ATOM,ETC,TAO,IMX,GRT,STX,HBAR,XLM,INJ,OP,PEPE,KAS,THETA,VET,WIF,FET,RUNE",26,86.66666666666667,0.04131573626373627,Green,,97.05882352941177,,-0.007195439328170398,-0.026965588097011148,-0.01977014876884075,-0.016286819417000498,-0.05188271501703601
2024-03-25,2024-04-01,"ADA,APT,ARB,ATOM,BCH,DOT,ETC,FIL,GRT,HBAR,ICP,IMX,INJ,KAS,LINK,LTC,NEAR,OP,PEPE,RENDER,RUNE,STETH,STX,TAO,THETA,UNI,VET,WIF,XLM,XRP","XRP,STETH,ADA,DOT,LINK,BCH,UNI,NEAR,ICP,LTC,APT,STX,FIL,ETC,ATOM,ARB,IMX,RENDER,TAO,XLM,OP,HBAR,GRT,KAS,PEPE,INJ,VET,RUNE,THETA,WIF",26,86.66666666666667,0.017442126373626375,Green,,91.17647058823529,,0.07196050512989288,0.05747778414969009,-0.014482720980202791,0.05847438235782931,0.055152388330698576
2024-04-01,2024-04-08,"ADA,APT,ARB,ATOM,BCH,DOT,ETC,FET,FIL,GRT,HBAR,ICP,IMX,INJ,KAS,LINK,LTC,NEAR,OP,PEPE,RENDER,STETH,STX,TAO,THETA,UNI,VET,WIF,XLM,XRP","STETH,XRP,ADA,BCH,DOT,LINK,UNI,ICP,LTC,NEAR,APT,STX,FIL,ETC,ATOM,WIF,ARB,IMX,RENDER,XLM,HBAR,OP,GRT,PEPE,TAO,VET,INJ,KAS,FET,THETA",26,86.66666666666667,0.04582134615384615,Green,,98.0392156862745,,-0.08321638974678883,-0.03387532399345765,0.04934106575333118,-0.02589553369212616,-0.05249483469656446
2024-04-08,2024-04-15,"ADA,APT,ARB,ATOM,BCH,DOT,ETC,FET,FIL,GRT,HBAR,ICP,IMX,INJ,KAS,LINK,LTC,NEAR,OP,PEPE,RENDER,STETH,STX,TAO,THETA,UNI,VET,WIF,XLM,XRP","STETH,XRP,ADA,BCH,DOT,LINK,UNI,ICP,LTC,NEAR,APT,ETC,STX,FIL,ATOM,ARB,IMX,WIF,XLM,RENDER,TAO,HBAR,KAS,OP,GRT,INJ,PEPE,VET,FET,THETA",26,86.66666666666667,0.014815956043956044,Green,,90.19607843137256,,-0.19326678364867408,-0.062499599353235874,0.1307671842954382,-0.05258227355860445,-0.08564002620737587
2024-04-15,2024-04-22,"ADA,APT,ARB,ATOM,BCH,DOT,ETC,FET,FIL,GRT,HBAR,ICP,IMX,INJ,KAS,LINK,LTC,NEAR,OP,PEPE,RENDER,STETH,STX,TAO,UNI,VET,WIF,XLM,XMR,XRP","STETH,XRP,ADA,BCH,DOT,LINK,NEAR,ICP,LTC,UNI,APT,STX,ETC,TAO,RENDER,FIL,ATOM,XLM,ARB,VET,IMX,WIF,HBAR,KAS,GRT,INJ,OP,FET,PEPE,XMR",27,90.0,0.007226722222222222,YellowGreen,,74.50980392156863,,0.028506965326409353,-0.009691586526229234,-0.03819855185263859,-0.012413783562944425,-0.003339793440560457
2024-04-22,2024-04-29,"ADA,APT,ARB,ATOM,BCH,DOT,ETC,FET,FIL,GRT,HBAR,ICP,IMX,INJ,KAS,LINK,LTC,NEAR,OP,PEPE,RENDER,STETH,STX,TAO,THETA,UNI,VET,WIF,XLM,XRP","STETH,XRP,ADA,BCH,DOT,LINK,ICP,NEAR,LTC,UNI,APT,STX,ETC,FIL,RENDER,ATOM,XLM,IMX,HBAR,ARB,TAO,VET,WIF,KAS,GRT,OP,INJ,FET,PEPE,THETA",27,90.0,0.0026069365079365078,Orange,,37.254901960784316,,-0.03177353962077599,-0.009834889155540903,0.021938650465235087,-0.029351589106383247,0.03570407739642456
2024-04-29,2024-05-06,"ADA,APT,AR,ARB,ATOM,BCH,DOT,ETC,FIL,GRT,HBAR,ICP,IMX,INJ,KAS,LINK,LTC,NEAR,OP,PEPE,RENDER,STETH,STX,TAO,UNI,VET,WIF,XLM,XMR,XRP","STETH,XRP,ADA,BCH,DOT,LINK,NEAR,ICP,LTC,UNI,ETC,APT,HBAR,STX,XLM,FIL,ATOM,RENDER,IMX,PEPE,ARB,VET,TAO,OP,KAS,WIF,GRT,AR,INJ,XMR",27,90.0,0.0014131587301587302,Orange,,30.392156862745097,,0.04249353814141081,-0.00043523141540704503,-0.042928769556817854,0.015541302498160325,-0.03771381054706424
2024-05-06,2024-05-13,"ADA,APT,AR,ARB,ATOM,BCH,DOT,ETC,EZETH,FET,FIL,GRT,HBAR,ICP,IMX,LINK,LTC,NEAR,OP,PEPE,RENDER,STETH,STX,SUI,TAO,UNI,VET,WIF,XLM,XRP","STETH,XRP,ADA,DOT,BCH,LINK,NEAR,LTC,ICP,FET,UNI,ETC,APT,HBAR,RENDER,ATOM,PEPE,FIL,STX,IMX,WIF,XLM,EZETH,TAO,OP,ARB,GRT,VET,AR,SUI",26,86.66666666666667,0.000993445054945055,Orange,,27.450980392156865,,-0.06170551159915181,-0.047004452404010036,0.014701059195141773,-0.03910255131492013,-0.06544222161188651
2024-05-13,2024-05-20,"ADA,APT,AR,ARB,ATOM,BCH,DOT,ETC,EZETH,FET,FIL,GRT,HBAR,ICP,IMX,KAS,LINK,LTC,NEAR,OP,PEPE,RENDER,STETH,STX,TAO,UNI,VET,WIF,XLM,XRP","XRP,STETH,ADA,DOT,BCH,LINK,NEAR,LTC,FET,ICP,UNI,RENDER,ETC,HBAR,PEPE,APT,ATOM,IMX,FIL,XLM,WIF,STX,KAS,EZETH,AR,ARB,OP,GRT,VET,TAO",26,86.66666666666667,0.005338445054945055,YellowGreen,,60.78431372549019,,0.029665075021798753,0.0683389004144394,0.03867382539264064,0.07715633058082738,0.04776489669286743
2024-05-20,2024-05-27,"ADA,APT,AR,ARB,ATOM,BCH,DOT,ETC,EZETH,FET,FIL,GRT,HBAR,ICP,IMX,KAS,LINK,LTC,NEAR,OP,PEPE,RENDER,STETH,STX,TAO,UNI,VET,WIF,XLM,XRP","STETH,XRP,ADA,LINK,BCH,DOT,NEAR,LTC,ICP,UNI,FET,ETC,HBAR,RENDER,PEPE,APT,IMX,ATOM,AR,FIL,XLM,EZETH,KAS,GRT,STX,OP,ARB,WIF,VET,TAO",26,86.66666666666667,0.006438923076923077,YellowGreen,,67.64705882352942,,0.09531519016942293,0.09748172826704467,0.0021665380976217397,0.034053224757772727,0.2454815697886792
2024-05-27,2024-06-03,"ADA,APT,ARB,ATOM,BCH,DOT,ETC,EZETH,FET,FIL,GRT,HBAR,ICP,IMX,KAS,LINK,LTC,NEAR,OP,PEPE,RENDER,STETH,STX,TAO,UNI,VET,WIF,XLM,XMR,XRP","STETH,XRP,ADA,DOT,LINK,BCH,NEAR,UNI,PEPE,LTC,FET,ICP,ETC,APT,RENDER,HBAR,EZETH,IMX,KAS,ATOM,FIL,ARB,XLM,GRT,TAO,WIF,STX,OP,XMR,VET",26,86.66666666666667,0.009319873626373628,Green,,84.31372549019608,,-0.03757620990526827,-0.01135059923584195,0.02622561066942632,-0.011222118288834126,-0.011650388112193544
2024-06-03,2024-06-10,"ADA,APT,AR,ARB,ATOM,BCH,DOT,ETC,EZETH,FET,FIL,GRT,HBAR,ICP,IMX,KAS,LINK,LTC,NEAR,OP,PEPE,RENDER,STETH,STX,TAO,UNI,WIF,XLM,XMR,XRP","STETH,XRP,ADA,LINK,DOT,BCH,NEAR,UNI,LTC,PEPE,ICP,FET,ETC,APT,RENDER,EZETH,HBAR,KAS,FIL,ATOM,ARB,IMX,WIF,XLM,AR,GRT,XMR,STX,TAO,OP",26,86.66666666666667,0.011879159340659341,Green,,88.23529411764706,,-0.03515984866265043,0.013843696373294256,0.04900354503594469,0.028257209296857377,-0.01978783378168636
2024-06-10,2024-06-17,"ADA,APT,ARB,ATOM,BCH,DOT,ETC,EZETH,FET,FIL,FLOKI,GRT,HBAR,ICP,IMX,INJ,KAS,LINK,LTC,NEAR,PEPE,RENDER,STETH,STX,SUI,UNI,WIF,XLM,XMR,XRP","STETH,XRP,ADA,LINK,BCH,DOT,UNI,NEAR,LTC,PEPE,ICP,FET,KAS,ETC,APT,EZETH,RENDER,FIL,STX,HBAR,XMR,ATOM,IMX,XLM,ARB,WIF,FLOKI,INJ,SUI,GRT",25,83.33333333333334,0.011717725714285714,Green,,87.25490196078431,,-0.07237291584220754,-0.037611594353788434,0.0347613214884191,-0.043624427946706845,-0.02358164930364548
2024-06-17,2024-06-24,"ADA,APT,ARB,ATOM,BCH,DOT,ETC,EZETH,FET,FIL,GRT,HBAR,ICP,IMX,INJ,KAS,LINK,LTC,NEAR,OP,PEPE,RENDER,STETH,STX,SUI,UNI,WIF,XLM,XMR,XRP","STETH,XRP,ADA,LINK,UNI,DOT,BCH,NEAR,LTC,PEPE,ICP,KAS,ETC,FET,EZETH,APT,XMR,RENDER,HBAR,FIL,XLM,ATOM,STX,ARB,WIF,IMX,INJ,SUI,OP,GRT",26,86.66666666666667,0.007451692307692308,YellowGreen,,78.43137254901961,,-0.12244228679660353,-0.05230665464234953,0.070135632154254,-0.05095178314175097,-0.05546802147707952
2024-06-24,2024-07-01,"ADA,APT,ARB,ATOM,BCH,DOT,ETC,EZETH,FET,FIL,GRT,HBAR,ICP,IMX,INJ,KAS,LINK,LTC,NEAR,OP,PEPE,RENDER,STETH,STX,SUI,UNI,VET,XLM,XMR,XRP","STETH,XRP,ADA,LINK,DOT,BCH,UNI,NEAR,LTC,PEPE,ICP,KAS,FET,EZETH,ETC,APT,XMR,RENDER,HBAR,XLM,ATOM,ARB,FIL,STX,IMX,SUI,VET,INJ,GRT,OP",26,86.66666666666667,0.003287554945054945,Yellow,,44.11764705882353,,0.04434437998385345,-0.0038538243871084287,-0.04819820437096188,-0.00770251644486819,0.005126457080997682
2024-07-01,2024-07-08,"ADA,APT,ARB,ATOM,BCH,DOT,ETC,EZETH,FET,FIL,GRT,HBAR,ICP,IMX,INJ,KAS,LINK,LTC,NEAR,OP,PEPE,RENDER,STETH,STX,UNI,VET,WIF,XLM,XMR,XRP","STETH,XRP,ADA,LINK,DOT,BCH,UNI,NEAR,LTC,PEPE,KAS,ICP,FET,ETC,EZETH,APT,XMR,RENDER,HBAR,XLM,ATOM,ARB,STX,FIL,IMX,INJ,WIF,VET,OP,GRT",26,86.66666666666667,0.004250494505494505,Yellow,,51.9607843137255,,-0.17302359843372242,-0.12072885798007019,0.05229474045365223,-0.10925455786381288,-0.1475022249180039
2024-07-08,2024-07-15,"ADA,APT,ARB,ATOM,BCH,DOT,ETC,EZETH,FET,FIL,GRT,HBAR,ICP,IMX,INJ,KAS,LINK,LTC,NEAR,PEPE,RENDER,RETH,STETH,STX,UNI,VET,WIF,XLM,XMR,XRP","STETH,XRP,ADA,DOT,LINK,BCH,UNI,NEAR,LTC,KAS,PEPE,ICP,EZETH,ETC,FET,XMR,APT,RENDER,XLM,HBAR,ATOM,ARB,FIL,STX,VET,INJ,IMX,WIF,GRT,RETH",25,83.33333333333334,0.003444428571428572,Yellow,,46.07843137254902,,0.15345897935744224,0.09660518836562729,-0.05685379099181495,0.0905855110686109,0.11065110205866557
2024-07-15,2024-07-22,"ADA,APT,ARB,ATOM,BCH,DOT,ETC,EZETH,FET,FIL,HBAR,ICP,IMX,INJ,KAS,LINK,LTC,NEAR,OP,PEPE,RENDER,STETH,STX,SUI,TAO,UNI,VET,XLM,XMR,XRP","STETH,XRP,ADA,DOT,LINK,BCH,UNI,NEAR,LTC,KAS,ICP,PEPE,ETC,FET,APT,XLM,XMR,HBAR,STX,VET,FIL,ATOM,RENDER,ARB,IMX,INJ,EZETH,SUI,OP,TAO",26,86.66666666666667,0.005721291208791209,YellowGreen,,62.745098039215684,,0.10718038236500475,0.10794659920428397,0.0007662168392792157,0.11725532135518568,0.08622624751884667
2024-07-22,2024-07-29,"ADA,APT,AR,ARB,ATOM,BCH,BONK,DOT,ETC,FET,FIL,HBAR,ICP,IMX,INJ,KAS,LINK,LTC,NEAR,PEPE,RENDER,STETH,STX,TAO,UNI,VET,WIF,XLM,XMR,XRP","STETH,XRP,ADA,LINK,DOT,BCH,NEAR,UNI,LTC,PEPE,ICP,KAS,FET,ETC,APT,XLM,XMR,STX,WIF,RENDER,FIL,ARB,HBAR,INJ,IMX,ATOM,TAO,VET,BONK,AR",26,86.66666666666667,0.006166274725274725,YellowGreen,,66.66666666666666,,-0.0783835257904283,-0.020515242690190616,0.057868283100237686,0.002263352779017902,-0.07366529878501049
2024-07-29,2024-08-05,"ADA,APT,AR,ARB,ATOM,BCH,BONK,DOT,ETC,FET,FIL,HBAR,ICP,IMX,INJ,KAS,LINK,LTC,NEAR,PEPE,RENDER,STETH,STX,TAO,UNI,VET,WIF,XLM,XMR,XRP","XRP,STETH,ADA,BCH,LINK,DOT,NEAR,UNI,LTC,PEPE,KAS,ICP,ETC,APT,FET,XMR,XLM,STX,FIL,RENDER,ATOM,HBAR,WIF,TAO,ARB,INJ,VET,IMX,AR,BONK",27,90.0,0.004618248677248677,Yellow,,53.92156862745098,,-0.216684740828305,-0.15911609710641117,0.057568643721893825,-0.14999565871207454,-0.18039712002652997
2024-08-05,2024-08-12,"ADA,APT,ARB,ATOM,BCH,DOT,ETC,FET,FIL,HBAR,ICP,IMX,INJ,KAS,LINK,LTC,NEAR,OP,PEPE,RENDER,RETH,STETH,STX,SUI,TAO,UNI,VET,XLM,XMR,XRP","XRP,STETH,ADA,LINK,DOT,BCH,LTC,UNI,NEAR,KAS,ICP,PEPE,ETC,XMR,XLM,APT,FET,FIL,STX,HBAR,ATOM,ARB,VET,RENDER,INJ,IMX,OP,TAO,RETH,SUI",27,90.0,0.0022223068783068785,Orange,,35.294117647058826,,0.009589825832429889,-0.004198111138733753,-0.013787936971163641,0.013757629746857347,-0.04609483987177965
2024-08-12,2024-08-19,"ADA,APT,ARB,ATOM,BCH,DOT,ETC,FET,FIL,HBAR,ICP,IMX,INJ,KAS,LINK,LTC,NEAR,OP,PEPE,RENDER,STETH,STX,SUI,TAO,UNI,VET,WIF,XLM,XMR,XRP","XRP,STETH,ADA,BCH,DOT,LINK,LTC,UNI,NEAR,KAS,PEPE,ICP,XLM,XMR,ETC,APT,SUI,FET,TAO,STX,FIL,ATOM,HBAR,ARB,VET,RENDER,INJ,IMX,WIF,OP",28,93.33333333333333,-0.00450194387755102,Red,,5.88235294117647,,-0.0017332320197625355,0.0021872490715641457,0.003920481091326681,-0.006223034112299186,0.021811243167245253
2024-08-19,2024-08-26,"AAVE,ADA,APT,ARB,ATOM,BCH,DOT,ETC,FET,FIL,HBAR,ICP,IMX,INJ,KAS,LINK,LTC,NEAR,OP,PEPE,RENDER,STETH,STX,SUI,TAO,UNI,VET,XLM,XMR,XRP","XRP,STETH,ADA,BCH,DOT,LINK,LTC,UNI,NEAR,KAS,ICP,PEPE,APT,XMR,ETC,XLM,SUI,STX,FET,FIL,TAO,HBAR,VET,ARB,ATOM,RENDER,IMX,INJ,AAVE,OP",28,93.33333333333333,0.0011839387755102043,Orange,,28.431372549019606,,0.18049007053311975,0.08478554570364844,-0.09570452482947131,0.09972095687295157,0.04993625297527449
2024-08-26,2024-09-02,"AAVE,ADA,APT,ARB,ATOM,BCH,DOT,ETC,FET,FIL,HBAR,ICP,IMX,INJ,KAS,LINK,LTC,NEAR,PEPE,RENDER,STETH,STX,SUI,TAO,UNI,VET,WIF,XLM,XMR,XRP","XRP,STETH,ADA,LINK,BCH,DOT,NEAR,UNI,LTC,KAS,ICP,PEPE,APT,FET,XMR,ETC,XLM,STX,SUI,TAO,RENDER,FIL,IMX,INJ,HBAR,ARB,VET,AAVE,ATOM,WIF",28,93.33333333333333,0.004726775510204082,Yellow,,55.88235294117647,,-0.15606573219723313,-0.10968477042311872,0.04638096177411441,-0.10749260705396069,-0.11479981828448749
2024-09-02,2024-09-09,"AAVE,ADA,APT,ARB,ATOM,BCH,DOT,ETC,FET,FIL,HBAR,ICP,IMX,INJ,KAS,LINK,LTC,NEAR,OP,PEPE,RENDER,STETH,STX,SUI,TAO,UNI,VET,XLM,XMR,XRP","XRP,STETH,ADA,LINK,BCH,DOT,LTC,NEAR,UNI,KAS,ICP,XMR,PEPE,APT,FET,XLM,ETC,STX,SUI,IMX,FIL,TAO,RENDER,AAVE,HBAR,ARB,VET,ATOM,OP,INJ",28,93.33333333333333,-0.0020833265306122446,Red,,12.745098039215685,,-3.1135133488587504e-06,-0.0478031411257482,-0.04780002761239934,-0.04472473428696622,-0.054986090416239475
2024-09-09,2024-09-16,"AAVE,ADA,APT,ARB,BCH,DOT,ETC,FET,FIL,HBAR,ICP,IMX,INJ,KAS,LINK,LTC,NEAR,OP,PEPE,POL,RENDER,STETH,STX,SUI,TAO,UNI,VET,XLM,XMR,XRP","XRP,STETH,ADA,LINK,BCH,DOT,UNI,LTC,NEAR,KAS,ICP,XMR,PEPE,APT,FET,ETC,XLM,SUI,POL,STX,FIL,IMX,RENDER,AAVE,HBAR,TAO,ARB,OP,VET,INJ",27,90.0,-0.0006423650793650792,Red,,19.607843137254903,,0.06575804406589222,0.05992629052864457,-0.005831753537247651,0.08071181587843879,0.011426731379124755
2024-09-16,2024-09-23,"AAVE,ADA,APT,ARB,BCH,DOT,ETC,FET,FIL,HBAR,ICP,IMX,INJ,KAS,LINK,LTC,NEAR,OP,PEPE,POL,RENDER,STETH,STX,SUI,TAO,UNI,VET,XLM,XMR,XRP","XRP,STETH,ADA,LINK,BCH,DOT,UNI,LTC,NEAR,KAS,ICP,FET,XMR,PEPE,APT,SUI,XLM,ETC,STX,TAO,POL,AAVE,IMX,FIL,RENDER,HBAR,INJ,ARB,OP,VET",28,93.33333333333333,0.0031671819727891156,Yellow,,43.13725490196079,,0.12170017840495428,0.08524216325420257,-0.03645801515075171,0.07376191651304786,0.11202940565023023
2024-09-23,2024-09-30,"AAVE,ADA,APT,ARB,BCH,DOT,ETC,FET,FIL,HBAR,ICP,IMX,INJ,KAS,LINK,LTC,NEAR,OP,PEPE,POL,RENDER,STETH,STX,SUI,TAO,UNI,VET,XLM,XMR,XRP","XRP,STETH,ADA,LINK,BCH,DOT,LTC,NEAR,UNI,SUI,KAS,FET,APT,ICP,TAO,PEPE,XMR,POL,XLM,ETC,IMX,STX,AAVE,RENDER,FIL,ARB,INJ,OP,HBAR,VET",28,93.33333333333333,0.004705714285714286,Yellow,,54.90196078431373,,0.09260684160353076,0.031827500625766246,-0.060779340977764516,0.032730500348740366,0.02972050127215997
2024-09-30,2024-10-07,"AAVE,ADA,APT,ARB,BCH,DOT,ETC,FET,FIL,HBAR,ICP,IMX,INJ,KAS,LINK,LTC,NEAR,OP,PEPE,POL,RENDER,STETH,STX,SUI,TAO,UNI,WIF,XLM,XMR,XRP","XRP,STETH,ADA,LINK,BCH,DOT,NEAR,UNI,LTC,PEPE,SUI,ICP,FET,TAO,APT,KAS,POL,ETC,XLM,STX,IMX,XMR,RENDER,WIF,AAVE,FIL,OP,ARB,HBAR,INJ",28,93.33333333333333,0.00826480612244898,Green,,80.3921568627451,,-0.0774621612641334,-0.0553961499679523,0.022066011296181097,-0.043431767911664254,-0.08331304143262441
2024-10-07,2024-10-14,"AAVE,ADA,APT,ARB,BCH,DOT,ETC,FET,FIL,HBAR,ICP,IMX,INJ,KAS,LINK,LTC,NEAR,OP,PEPE,POL,RENDER,STETH,STX,SUI,TAO,UNI,WIF,XLM,XMR,XRP","XRP,STETH,ADA,LINK,BCH,DOT,NEAR,UNI,SUI,LTC,TAO,APT,PEPE,ICP,FET,KAS,POL,ETC,XLM,STX,XMR,WIF,IMX,AAVE,FIL,RENDER,OP,HBAR,INJ,ARB",28,93.33333333333333,0.001885744897959184,Orange,,32.35294117647059,,-0.0035624007447403573,0.0037451465075124314,0.007307547252252789,0.00028233481691319895,0.011825040452243973
2024-10-14,2024-10-21,"AAVE,ADA,APT,BCH,DOT,ETC,FET,FIL,HBAR,ICP,IMX,INJ,KAS,LINK,LTC,NEAR,OP,PEPE,POL,RENDER,STETH,STX,SUI,TAO,UNI,WBT,WIF,XLM,XMR,XRP","XRP,STETH,ADA,LINK,SUI,BCH,DOT,UNI,NEAR,APT,LTC,TAO,PEPE,ICP,FET,KAS,POL,ETC,XMR,XLM,WIF,STX,IMX,AAVE,WBT,OP,RENDER,FIL,INJ,HBAR",27,90.0,0.006566158730158731,YellowGreen,,69.6078431372549,,0.0633344109376164,0.10190951841608903,0.038575107478472634,0.0976180330258607,0.11192298432662184
2024-10-21,2024-10-28,"AAVE,ADA,APT,ARB,BCH,DOT,ETC,FET,FIL,ICP,IMX,INJ,KAS,LINK,LTC,NEAR,OP,PEPE,POL,RENDER,STETH,STX,SUI,TAO,UNI,WBT,WIF,XLM,XMR,XRP","XRP,STETH,ADA,LINK,BCH,DOT,NEAR,SUI,UNI,LTC,APT,PEPE,TAO,ICP,FET,KAS,XMR,ETC,POL,XLM,STX,WIF,IMX,WBT,AAVE,FIL,OP,ARB,INJ,RENDER",27,90.0,0.007926063492063493,YellowGreen,,79.41176470588235,,-0.09200822722385922,-0.03636760245629243,0.05564062476756679,-0.014852567154980734,-0.08656935149268641
2024-10-28,2024-11-04,"AAVE,ADA,APT,ARB,BCH,DOT,ETC,FET,FIL,ICP,IMX,INJ,KAS,LINK,LTC,NEAR,OP,PEPE,POL,RENDER,STETH,STX,SUI,TAO,UNI,WBT,WIF,XLM,XMR,XRP","XRP,STETH,ADA,BCH,LINK,DOT,UNI,LTC,NEAR,SUI,APT,PEPE,TAO,ICP,FET,KAS,XMR,XLM,ETC,WBT,STX,POL,WIF,AAVE,IMX,FIL,ARB,OP,RENDER,INJ",27,90.0,0.005326978835978836,Yellow,,58.82352941176471,,-0.0719966048712925,0.003101969702888607,0.0750985745741811,0.012731388605612848,-0.019366674403467954
2024-11-04,2024-11-11,"AAVE,ADA,APT,ARB,BCH,DOT,ETC,FET,FIL,ICP,IMX,KAS,LINK,LTC,NEAR,OP,PEPE,POL,RENDER,STETH,STX,SUI,TAO,TIA,UNI,WBT,WIF,XLM,XMR,XRP","XRP,STETH,ADA,BCH,LINK,SUI,DOT,LTC,NEAR,APT,UNI,PEPE,ICP,TAO,FET,XMR,WBT,KAS,XLM,ETC,POL,STX,WIF,FIL,AAVE,ARB,IMX,TIA,OP,RENDER",27,90.0,0.00601762962962963,YellowGreen,,65.68627450980392,,0.2956862334128916,0.20839548221437976,-0.08729075119851182,0.16951476631171336,0.2991171526539347
2024-11-11,2024-11-18,"AAVE,ADA,APT,ARB,BCH,DOT,ETC,FET,FIL,ICP,IMX,INJ,KAS,LINK,LTC,NEAR,PEPE,POL,RENDER,STETH,STX,SUI,TAO,TIA,UNI,WBT,WIF,XLM,XMR,XRP","XRP,STETH,ADA,LINK,BCH,SUI,DOT,LTC,NEAR,APT,UNI,PEPE,ICP,TAO,KAS,FET,ETC,XLM,POL,WBT,XMR,AAVE,WIF,STX,FIL,ARB,INJ,TIA,RENDER,IMX",27,90.0,0.009487100529100527,Green,,85.29411764705883,,0.11229359125625134,0.07061598085849953,-0.04167761039775181,0.11650475867726406,-0.03645783405195102
2024-11-18,2024-11-25,"ADA,APT,ARB,BCH,BONK,DOT,ETC,FET,FIL,FLOKI,HBAR,ICP,KAS,LINK,LTC,NEAR,OM,PEPE,POL,RENDER,STETH,STX,SUI,TAO,UNI,WBT,WIF,XLM,XMR,XRP","XRP,STETH,ADA,SUI,PEPE,LINK,BCH,DOT,NEAR,LTC,APT,XLM,UNI,ICP,ETC,KAS,OM,TAO,WIF,BONK,HBAR,FET,WBT,POL,XMR,RENDER,STX,ARB,FIL,FLOKI",25,83.33333333333334,0.017817605714285714,Green,,92.15686274509804,,0.221243733503443,0.09228815607472493,-0.12895557742871808,0.09098764090743172,0.09532269146507577
2024-11-25,2024-12-02,"ADA,APT,ARB,ATOM,BCH,BONK,DOT,ETC,FET,FIL,HBAR,ICP,KAS,LINK,LTC,NEAR,OM,PEPE,POL,RENDER,STETH,SUI,TAO,TIA,UNI,VET,WBT,WIF,XLM,XRP","XRP,ADA,STETH,XLM,DOT,LINK,BCH,SUI,PEPE,NEAR,LTC,APT,UNI,HBAR,ICP,POL,ETC,RENDER,FET,TAO,KAS,VET,BONK,ARB,WBT,FIL,ATOM,TIA,OM,WIF",26,86.66666666666667,0.014339252747252748,Green,,89.2156862745098,,0.110790439505536,0.025258637303376606,-0.0855318022021594,-0.007184835142389545,0.1009600730101643
2024-12-02,2024-12-09,"ADA,ALGO,APT,ARB,ATOM,BCH,BONK,DOT,ETC,FET,FIL,HBAR,ICP,IMX,KAS,LINK,LTC,NEAR,PEPE,POL,RENDER,STETH,STX,SUI,TAO,TIA,UNI,VET,XLM,XRP","XRP,ADA,STETH,XLM,DOT,LINK,BCH,SUI,PEPE,LTC,NEAR,HBAR,UNI,APT,ICP,ETC,POL,FET,TAO,RENDER,KAS,FIL,ALGO,ARB,VET,STX,TIA,ATOM,BONK,IMX",27,90.0,0.02169691534391534,Green,,93.13725490196079,,0.15982761478238477,0.053055148016628334,-0.10677246676575644,0.040320580379845206,0.08276913916912232
2024-12-09,2024-12-16,"AAVE,ADA,ALGO,APT,ARB,ATOM,BCH,DOT,ETC,FET,FIL,HBAR,ICP,KAS,LINK,LTC,NEAR,OM,PEPE,POL,RENDER,STETH,STX,SUI,TAO,UNI,VET,XLM,XMR,XRP","XRP,ADA,STETH,LINK,DOT,XLM,HBAR,SUI,BCH,UNI,PEPE,LTC,NEAR,APT,ICP,POL,ETC,VET,FET,RENDER,TAO,FIL,KAS,ARB,AAVE,ALGO,XMR,STX,OM,ATOM",28,93.33333333333333,0.03847507653061225,Green,,96.07843137254902,,-0.0755065015002648,0.020036183252863094,0.0955426847531279,0.03443588695265287,-0.013563125379979724
2024-12-16,2024-12-23,"AAVE,ADA,APT,ARB,BCH,BGB,DOT,ENA,ETC,FET,FIL,HBAR,ICP,KAS,LINK,LTC,NEAR,OM,PEPE,POL,RENDER,STETH,STX,SUI,TAO,UNI,VET,XLM,XMR,XRP","XRP,ADA,STETH,LINK,SUI,DOT,XLM,HBAR,BCH,UNI,PEPE,LTC,NEAR,APT,ICP,AAVE,POL,ETC,RENDER,VET,FET,BGB,TAO,ARB,FIL,XMR,KAS,STX,ENA,OM",27,90.0,0.006739804232804233,YellowGreen,,70.58823529411765,,-0.19415322104772328,-0.1162611742554994,0.07789204679222389,-0.09193171822316759,-0.17302990499760695
2024-12-23,2024-12-30,"AAVE,ADA,APT,ARB,BCH,BGB,DOT,ENA,ETC,FET,FIL,HBAR,ICP,KAS,LINK,LTC,NEAR,OM,PEPE,POL,RENDER,STETH,SUI,TAO,UNI,VET,WBT,XLM,XMR,XRP","XRP,STETH,ADA,LINK,SUI,XLM,DOT,HBAR,BCH,UNI,LTC,PEPE,NEAR,BGB,APT,AAVE,ICP,POL,ETC,VET,RENDER,XMR,WBT,OM,TAO,FET,ARB,ENA,FIL,KAS",26,86.66666666666667,0.002110956043956044,Orange,,33.33333333333333,,0.010216917319334988,-0.0030742319339097206,-0.013291149253244709,-0.015046399426259072,0.024860825548238763
2024-12-30,2025-01-06,"AAVE,ADA,APT,ARB,BCH,BGB,DOT,ETC,FET,FIL,HBAR,ICP,KAS,LINK,LTC,NEAR,OM,PEPE,POL,RENDER,STETH,SUI,TAO,UNI,VET,VIRTUAL,WBT,XLM,XMR,XRP","XRP,STETH,ADA,LINK,SUI,HBAR,DOT,XLM,BGB,BCH,UNI,PEPE,LTC,NEAR,AAVE,APT,ICP,POL,ETC,VET,VIRTUAL,WBT,XMR,RENDER,OM,TAO,FET,ARB,FIL,KAS",26,86.66666666666667,0.007081467032967034,YellowGreen,,72.54901960784314,,0.14059552594563277,0.03328343094565378,-0.10731209499997899,0.050191852540681925,-0.006169552776078557
2025-01-06,2025-01-13,"AAVE,ADA,APT,ARB,BCH,BGB,DOT,ENA,ETC,FET,FIL,HBAR,ICP,LINK,LTC,NEAR,OM,PEPE,POL,RENDER,STETH,SUI,TAO,TKX,UNI,VET,VIRTUAL,WBT,XLM,XRP","XRP,ADA,STETH,SUI,LINK,XLM,DOT,HBAR,BCH,UNI,PEPE,LTC,BGB,NEAR,ICP,APT,AAVE,TAO,POL,RENDER,ETC,FET,VET,VIRTUAL,ARB,ENA,OM,WBT,FIL,TKX",25,83.33333333333334,0.009026222857142857,Green,,83.33333333333334,,-0.11774744132229467,-0.02782376273397926,0.0899236785883154,-0.03974823247711323,0.0
2025-01-13,2025-01-20,"AAVE,ADA,ALGO,APT,ARB,BCH,BGB,DOT,ETC,FET,FIL,HBAR,ICP,LINK,LTC,NEAR,OM,PEPE,POL,RENDER,STETH,SUI,TAO,TKX,UNI,VET,WBT,XLM,XMR,XRP","XRP,ADA,STETH,SUI,XLM,LINK,HBAR,DOT,BCH,BGB,UNI,LTC,PEPE,NEAR,APT,ICP,AAVE,WBT,ETC,POL,XMR,RENDER,OM,VET,TAO,FET,FIL,ARB,TKX,ALGO",25,83.33333333333334,0.005333102857142858,Yellow,,59.80392156862745,,0.005395606713222145,0.050546905475691205,0.04515129876246906,0.07220986496527315,0.0
2025-01-20,2025-01-27,"AAVE,ADA,ALGO,APT,BCH,BGB,DOT,ETC,FET,FIL,HBAR,ICP,KAS,LINK,LTC,NEAR,OM,ONDO,PEPE,POL,RENDER,STETH,SUI,TAO,UNI,VET,WBT,XLM,XMR,XRP","XRP,ADA,STETH,LINK,SUI,XLM,HBAR,DOT,LTC,BCH,UNI,BGB,PEPE,NEAR,APT,ICP,AAVE,ONDO,WBT,ETC,XMR,POL,VET,TAO,OM,RENDER,ALGO,KAS,FIL,FET",26,86.66666666666667,0.002407956043956044,Orange,,36.27450980392157,,-0.006330457589023075,0.008825822173808406,0.01515627976283148,0.012608317391154866,0.0
2025-01-27,2025-02-03,"AAVE,ADA,ALGO,APT,BCH,BGB,DOT,ETC,FET,FIL,HBAR,ICP,KAS,LINK,LTC,NEAR,OM,ONDO,PEPE,POL,RENDER,STETH,SUI,TAO,UNI,VET,WBT,XLM,XMR,XRP","XRP,ADA,STETH,LINK,XLM,HBAR,SUI,DOT,LTC,BGB,BCH,UNI,PEPE,NEAR,AAVE,OM,APT,ONDO,ICP,WBT,XMR,ETC,POL,VET,TAO,RENDER,KAS,ALGO,FET,FIL",26,86.66666666666667,0.00732139010989011,YellowGreen,,76.47058823529412,,-0.16171002766536124,-0.03401926911946135,0.1276907585458999,-0.04859895588494478,0.0
2025-02-03,2025-02-10,"AAVE,ADA,ALGO,APT,BCH,BGB,CBBTC,DOT,ETC,FIL,HBAR,ICP,KAS,LINK,LTC,NEAR,OM,ONDO,PEPE,POL,RENDER,STETH,SUI,TAO,UNI,VET,WBT,XLM,XMR,XRP","XRP,ADA,STETH,LINK,XLM,SUI,HBAR,LTC,DOT,BGB,BCH,UNI,OM,PEPE,NEAR,XMR,WBT,ONDO,AAVE,ICP,APT,ETC,VET,KAS,TAO,POL,ALGO,RENDER,CBBTC,FIL",25,83.33333333333334,0.004915948571428572,Yellow,Orange,57.84313725490197,36.53846153846153,-0.0582261600433072,-0.007316068770088146,0.05091009127321905,-0.010451526814411638,0.0
2025-02-10,2025-02-17,"AAVE,ADA,ALGO,APT,BCH,BGB,CBBTC,DOT,ETC,HBAR,ICP,KAS,LINK,LTC,NEAR,OM,ONDO,PEPE,POL,RENDER,STETH,SUI,TAO,TKX,UNI,VET,WBT,XLM,XMR,XRP","XRP,STETH,ADA,LINK,XLM,SUI,HBAR,LTC,BGB,DOT,BCH,OM,UNI,ONDO,XMR,PEPE,WBT,NEAR,AAVE,APT,ICP,ETC,TAO,POL,VET,CBBTC,ALGO,TKX,KAS,RENDER",24,80.0,-0.0022693214285714283,Red,Red,10.784313725490197,1.9230769230769231,0.043984025459553794,-0.002894513240685903,-0.0468785387002397,-0.004135018915265576,0.0
2025-02-17,2025-02-24,"AAVE,ADA,ALGO,APT,BCH,BGB,CBBTC,DOT,ETC,HBAR,ICP,KAS,LINK,LTC,NEAR,OM,ONDO,PEPE,POL,RENDER,STETH,SUI,TAO,TKX,UNI,VET,WBT,XLM,XMR,XRP","XRP,ADA,STETH,LINK,XLM,SUI,LTC,HBAR,DOT,OM,BCH,BGB,UNI,XMR,PEPE,NEAR,ONDO,WBT,AAVE,APT,ICP,ETC,TAO,POL,KAS,VET,TKX,CBBTC,ALGO,RENDER",24,80.0,0.00048376190476190475,Orange,Red,25.49019607843137,7.6923076923076925,0.005633233719299594,0.0012967352095906825,-0.004336498509708912,0.0018524788708438322,0.0
2025-02-24,2025-03-03,"AAVE,ADA,ALGO,APT,BCH,BGB,CBBTC,DOT,ETC,HBAR,ICP,KAS,LINK,LTC,NEAR,OM,ONDO,PEPE,POL,S,STETH,SUI,TAO,TKX,UNI,VET,WBT,XLM,XMR,XRP","XRP,ADA,STETH,LINK,SUI,XLM,LTC,HBAR,OM,DOT,BCH,BGB,UNI,XMR,NEAR,WBT,PEPE,AAVE,TAO,APT,ONDO,ICP,ETC,TKX,S,CBBTC,VET,KAS,POL,ALGO",24,80.0,-0.0019131428571428563,Red,Red,13.725490196078432,5.769230769230769,0.0042412070232667725,-0.01501286457378642,-0.019254071597053193,-0.02144694939112346,0.0
2025-03-03,2025-03-10,"AAVE,ADA,ALGO,APT,BCH,BGB,CBBTC,DOT,ETC,HBAR,ICP,KAS,LINK,LTC,NEAR,OM,ONDO,PEPE,POL,S,STETH,SUI,TAO,TKX,UNI,VET,WBT,XLM,XMR,XRP","XRP,ADA,STETH,HBAR,LINK,XLM,SUI,LTC,DOT,OM,BCH,BGB,UNI,WBT,XMR,NEAR,APT,ONDO,PEPE,ICP,AAVE,ETC,TAO,CBBTC,VET,POL,ALGO,TKX,S,KAS",24,80.0,0.0026741904761904763,Orange,Orange,38.23529411764706,26.923076923076923,-0.22155113887920144,-0.10033017144086548,0.12122096743833596,-0.14332881634409356,0.0
2025-03-10,2025-03-17,"AAVE,ADA,APT,BCH,BGB,CBBTC,DOT,ENA,ETC,FIL,FTN,HBAR,ICP,LINK,LTC,NEAR,OM,ONDO,PEPE,POL,STETH,SUI,TAO,TKX,UNI,VET,WBT,XLM,XMR,XRP","XRP,ADA,STETH,LINK,HBAR,XLM,SUI,LTC,BCH,DOT,OM,BGB,WBT,XMR,UNI,APT,NEAR,ETC,AAVE,ONDO,ICP,PEPE,CBBTC,ENA,TKX,VET,TAO,POL,FIL,FTN",23,76.66666666666667,-0.003232385093167702,Red,Red,8.823529411764707,1.9230769230769231,-0.008637991332831895,0.016119091526138996,0.02475708285897089,0.023027273608769994,0.0
2025-03-17,2025-03-24,"AAVE,ADA,APT,ATOM,BCH,BGB,CBBTC,DOT,ENA,ETC,HBAR,ICP,KAS,LINK,LTC,NEAR,OM,ONDO,PEPE,PI,STETH,SUI,TAO,TKX,UNI,VET,WBT,XLM,XMR,XRP","XRP,ADA,STETH,PI,LINK,XLM,HBAR,SUI,LTC,OM,BCH,DOT,BGB,WBT,XMR,UNI,APT,NEAR,PEPE,ICP,ETC,ONDO,CBBTC,AAVE,TKX,VET,TAO,ATOM,KAS,ENA",23,76.66666666666667,-0.0006299627329192542,Red,Red,20.588235294117645,11.538461538461538,0.039787996689420985,0.02692104500747021,-0.012866951681950775,0.038458635724957446,0.0
2025-03-24,2025-03-31,"AAVE,ADA,APT,ATOM,BCH,BGB,CBBTC,DOT,ETC,FIL,HBAR,ICP,KAS,LINK,LTC,NEAR,OM,ONDO,PEPE,PI,STETH,SUI,TAO,TKX,UNI,VET,WBT,XLM,XMR,XRP","XRP,ADA,STETH,LINK,XLM,HBAR,SUI,LTC,DOT,BCH,PI,OM,BGB,WBT,UNI,XMR,APT,NEAR,PEPE,ICP,AAVE,TKX,ETC,ONDO,CBBTC,TAO,VET,ATOM,KAS,FIL",23,76.66666666666667,-0.0036674285714285715,Red,Red,7.8431372549019605,1.9230769230769231,-0.07879047082964807,-0.0279985285753911,0.05079194225425697,-0.03999789796484443,0.0
2025-03-31,2025-04-07,"AAVE,ADA,APT,ATOM,BCH,BGB,CBBTC,DOT,ENA,ETC,HBAR,ICP,LINK,LTC,NEAR,OM,ONDO,PEPE,PI,STETH,SUI,TAO,TIA,TKX,UNI,VET,WBT,XLM,XMR,XRP","XRP,ADA,STETH,LINK,XLM,SUI,HBAR,LTC,OM,DOT,BCH,BGB,PI,WBT,XMR,UNI,APT,NEAR,PEPE,CBBTC,ICP,ETC,ONDO,TKX,AAVE,VET,ENA,TAO,ATOM,TIA",23,76.66666666666667,-0.0010240124223602485,Red,Red,17.647058823529413,11.538461538461538,-0.13320690096893492,-0.03523015741726577,0.09797674355166916,-0.050328796310379675,0.0
2025-04-07,2025-04-14,"AAVE,ADA,APT,ATOM,BCH,BGB,CBBTC,DOT,ETC,FTN,HBAR,ICP,LBTC,LINK,LTC,NEAR,OM,ONDO,PEPE,PI,STETH,SUI,TAO,TKX,UNI,VET,WBT,XLM,XMR,XRP","XRP,ADA,STETH,LINK,XLM,SUI,HBAR,DOT,OM,BCH,LTC,BGB,PI,WBT,XMR,UNI,PEPE,APT,NEAR,CBBTC,TKX,ONDO,ICP,ETC,ATOM,AAVE,FTN,VET,LBTC,TAO",21,70.0,-0.0006734557823129249,Red,Red,18.627450980392158,13.461538461538462,0.06437858052478192,0.04823505948492357,-0.016143521039858347,0.0689072278356051,0.0
2025-04-14,2025-04-21,"AAVE,ADA,APT,ATOM,BCH,BGB,CBBTC,DOT,ETC,FTN,HBAR,ICP,KAS,LINK,LTC,NEAR,ONDO,PEPE,PI,RENDER,STETH,SUI,TAO,TKX,UNI,VET,WBT,XLM,XMR,XRP","XRP,ADA,STETH,LINK,XLM,SUI,HBAR,BCH,LTC,DOT,BGB,PI,WBT,XMR,UNI,CBBTC,PEPE,APT,TKX,ONDO,NEAR,ICP,ETC,AAVE,TAO,VET,RENDER,KAS,ATOM,FTN",22,73.33333333333333,-0.0002143571428571428,Orange,Red,23.52941176470588,19.230769230769234,0.02612131299723539,0.012328129585156278,-0.013793183412079111,0.017611613693080397,0.0
2025-04-21,2025-04-28,"AAVE,ADA,APT,ATOM,BCH,BGB,CBBTC,DOT,ETC,FTN,HBAR,ICP,KAS,LINK,LTC,NEAR,ONDO,PEPE,PI,RENDER,STETH,SUI,TAO,TKX,UNI,VET,WBT,XLM,XMR,XRP","XRP,ADA,STETH,LINK,XLM,HBAR,SUI,BCH,DOT,LTC,BGB,PI,WBT,XMR,CBBTC,PEPE,UNI,APT,TAO,NEAR,TKX,ONDO,ETC,ICP,RENDER,AAVE,VET,KAS,ATOM,FTN",22,73.33333333333333,-0.0004904610389610382,Orange,Red,21.568627450980394,19.230769230769234,0.10478125926358153,0.07188307414594852,-0.03289818511763301,0.1026901059227836,0.0
2025-04-28,2025-05-05,"AAVE,ADA,APT,ATOM,BCH,BGB,CBBTC,DOT,ETC,HBAR,ICP,KAS,LINK,LTC,NEAR,ONDO,PEPE,PI,POL,RENDER,STETH,SUI,TAO,TKX,UNI,VET,WBT,XLM,XMR,XRP","XRP,ADA,STETH,SUI,LINK,XLM,HBAR,BCH,LTC,DOT,BGB,PI,XMR,WBT,CBBTC,PEPE,APT,UNI,TAO,NEAR,ONDO,ICP,AAVE,KAS,ETC,TKX,VET,RENDER,POL,ATOM",23,76.66666666666667,0.002934031055900621,Yellow,Yellow,42.15686274509804,40.38461538461539,-0.03472872654312024,0.003859934142411236,0.038588660685531476,0.005514191632016052,0.0
2025-05-05,2025-05-12,"AAVE,ADA,APT,BCH,BGB,CBBTC,DOT,ETC,HBAR,ICP,KAS,LBTC,LINK,LTC,NEAR,ONDO,PEPE,PI,POL,RENDER,STETH,SUI,TAO,TKX,UNI,VET,WBT,XLM,XMR,XRP","XRP,ADA,STETH,SUI,LINK,XLM,HBAR,BCH,LTC,DOT,XMR,BGB,PI,WBT,CBBTC,PEPE,APT,UNI,TAO,NEAR,ONDO,AAVE,ICP,ETC,TKX,KAS,RENDER,VET,POL,LBTC",22,73.33333333333333,0.005616571428571428,YellowGreen,YellowGreen,61.76470588235294,61.53846153846154,0.24706258309683526,0.07174230092418725,-0.175320282172648,0.1024890013202675,0.0
2025-05-12,2025-05-19,"AAVE,ADA,APT,ATOM,BCH,BGB,CBBTC,DOT,ENA,ETC,HBAR,ICP,KAS,LINK,LTC,NEAR,ONDO,PEPE,PI,RENDER,STETH,SUI,TAO,TKX,UNI,VET,WBT,XLM,XMR,XRP","XRP,ADA,STETH,SUI,LINK,XLM,HBAR,BCH,PI,DOT,LTC,XMR,PEPE,BGB,CBBTC,WBT,UNI,TAO,NEAR,APT,AAVE,ONDO,ICP,KAS,ETC,TKX,RENDER,VET,ATOM,ENA",23,76.66666666666667,0.005772055900621118,YellowGreen,YellowGreen,63.725490196078425,63.46153846153846,-0.05242652839494643,0.013708506277279308,0.06613503467222574,0.019583580396113298,0.0
2025-05-19,2025-05-26,"AAVE,ADA,APT,ATOM,BCH,BGB,CBBTC,DOT,ENA,ETC,HBAR,ICP,KAS,LINK,LTC,NEAR,ONDO,PEPE,PI,RENDER,STETH,SUI,TAO,TKX,UNI,VET,WBT,XLM,XMR,XRP","XRP,ADA,STETH,SUI,LINK,XLM,HBAR,BCH,LTC,DOT,XMR,BGB,PEPE,PI,CBBTC,WBT,TAO,UNI,AAVE,NEAR,APT,ONDO,KAS,TKX,ETC,ICP,VET,RENDER,ENA,ATOM",23,76.66666666666667,0.003465757763975155,Yellow,Yellow,47.05882352941176,44.230769230769226,0.009593238747086407,0.01869102109842706,0.009097782351340653,0.02670145871203866,0.0
2025-05-26,2025-06-02,"AAVE,ADA,APT,BCH,BGB,CBBTC,DOT,ENA,ETC,FET,HBAR,ICP,KAS,LINK,LTC,NEAR,ONDO,PEPE,PI,RENDER,STETH,SUI,TAO,TKX,UNI,VET,WBT,XLM,XMR,XRP","XRP,ADA,STETH,SUI,LINK,XLM,BCH,HBAR,XMR,LTC,DOT,BGB,PEPE,PI,WBT,CBBTC,AAVE,TAO,UNI,NEAR,APT,ONDO,ICP,KAS,ETC,TKX,RENDER,VET,FET,ENA",23,76.66666666666667,0.004853844720496895,Yellow,Yellow,56.86274509803921,53.84615384615385,-0.08851102956966518,-0.020266639878586155,0.06824438969107903,-0.02895234268369451,0.0
2025-06-02,2025-06-09,"AAVE,ADA,APT,BCH,BGB,CBBTC,DOT,ETC,FET,HBAR,ICP,JITOSOL,KAS,LINK,LTC,NEAR,ONDO,PEPE,PI,RENDER,STETH,SUI,TAO,TKX,UNI,VET,WBT,XLM,XMR,XRP","XRP,ADA,STETH,SUI,LINK,XLM,BCH,HBAR,LTC,XMR,DOT,BGB,PEPE,PI,CBBTC,WBT,UNI,AAVE,TAO,APT,NEAR,JITOSOL,ONDO,ICP,ETC,TKX,KAS,VET,RENDER,FET",22,73.33333333333333,0.0018715454545454547,Orange,Orange,31.372549019607842,26.923076923076923,-0.009326734060250063,-0.00011759503517509983,0.009209139025074963,-0.00016799290739299977,0.0
2025-06-09,2025-06-16,"AAVE,ADA,APT,BCH,BGB,CBBTC,DOT,ETC,FET,HBAR,ICP,JITOSOL,KAS,LINK,LTC,NEAR,ONDO,PEPE,PI,RENDER,STETH,SUI,TAO,TKX,UNI,VET,WBT,XLM,XMR,XRP","XRP,ADA,STETH,SUI,LINK,XLM,BCH,HBAR,LTC,DOT,XMR,BGB,PEPE,CBBTC,PI,WBT,AAVE,UNI,TAO,APT,ICP,NEAR,JITOSOL,ONDO,ETC,TKX,KAS,VET,RENDER,FET",22,73.33333333333333,0.002759662337662338,Orange,Orange,40.19607843137255,38.46153846153847,-0.015333044012858543,-0.0009123422561895799,0.014420701756668963,-0.0013033460802708285,0.0
2025-06-16,2025-06-23,"AAVE,ADA,APT,ATOM,BCH,BGB,CBBTC,DOT,ETC,FTN,HBAR,ICP,JITOSOL,KAS,LINK,LTC,NEAR,ONDO,PEPE,PI,STETH,SUI,TAO,TKX,UNI,VET,WBT,XLM,XMR,XRP","XRP,STETH,ADA,SUI,BCH,LINK,XLM,LTC,HBAR,XMR,DOT,WBT,BGB,CBBTC,PEPE,PI,UNI,AAVE,TAO,ICP,APT,NEAR,JITOSOL,TKX,ETC,ONDO,KAS,VET,FTN,ATOM",21,70.0,0.003685197278911565,Yellow,Yellow,48.03921568627451,50.0,-0.11197588526102628,-0.03118140885760663,0.08079447640341965,-0.0445448697965809,0.0
2025-06-23,2025-06-30,"AAVE,ADA,APT,ATOM,BCH,BGB,CBBTC,DOT,ETC,FTN,HBAR,ICP,JITOSOL,KAS,LBTC,LINK,LTC,NEAR,ONDO,PEPE,PI,STETH,SUI,TAO,TKX,UNI,WBT,XLM,XMR,XRP","XRP,STETH,ADA,BCH,SUI,LINK,XLM,WBT,LTC,HBAR,XMR,DOT,BGB,CBBTC,PI,UNI,PEPE,AAVE,TAO,APT,ICP,JITOSOL,NEAR,ETC,TKX,ONDO,FTN,ATOM,LBTC,KAS",20,66.66666666666666,0.0008695714285714285,Orange,Orange,26.47058823529412,25.0,0.12270643296917569,0.05236180797862102,-0.07034462499055466,0.07480258282660146,0.0
2025-06-30,2025-07-07,"AAVE,ADA,APT,ATOM,BCH,BGB,CBBTC,DOT,ETC,FTN,HBAR,ICP,JITOSOL,KAS,LINK,LTC,NEAR,ONDO,PEPE,PI,STETH,SUI,TAO,TKX,UNI,VET,WBT,XLM,XMR,XRP","XRP,STETH,ADA,BCH,SUI,LINK,XLM,WBT,LTC,HBAR,XMR,BGB,DOT,CBBTC,UNI,PEPE,AAVE,PI,APT,TAO,NEAR,JITOSOL,ICP,ETC,ONDO,TKX,KAS,ATOM,FTN,VET",21,70.0,0.002687727891156463,Orange,Orange,39.21568627450981,40.38461538461539,-0.027008977107892348,0.005286207292681566,0.03229518440057391,0.007551724703830809,0.0
2025-07-07,2025-07-14,"AAVE,ADA,APT,ATOM,BCH,BGB,CBBTC,DOT,ETC,FET,FTN,HBAR,ICP,JITOSOL,KAS,LINK,LTC,NEAR,ONDO,PEPE,PI,STETH,SUI,TAO,UNI,VET,WBT,XLM,XMR,XRP","XRP,STETH,ADA,SUI,BCH,LINK,XLM,HBAR,LTC,WBT,XMR,CBBTC,BGB,DOT,UNI,AAVE,PEPE,PI,TAO,APT,JITOSOL,NEAR,ICP,ETC,ONDO,KAS,FTN,ATOM,VET,FET",22,73.33333333333333,0.00032372077922077926,Orange,Orange,24.509803921568626,23.076923076923077,0.15802225205012163,0.06346782687958709,-0.09455442517053454,0.09066832411369585,0.0
2025-07-14,2025-07-21,"AAVE,ADA,ALGO,APT,ATOM,BCH,BGB,CBBTC,DOT,ENA,ETC,HBAR,ICP,JITOSOL,KAS,LINK,LTC,NEAR,ONDO,PEPE,PI,STETH,SUI,TAO,UNI,VET,WBT,XLM,XMR,XRP","XRP,STETH,ADA,XLM,SUI,LINK,HBAR,BCH,LTC,WBT,XMR,CBBTC,DOT,PEPE,BGB,UNI,AAVE,TAO,PI,APT,NEAR,ICP,ONDO,JITOSOL,ETC,ALGO,KAS,ENA,ATOM,VET",23,76.66666666666667,0.007185565217391304,YellowGreen,Green,73.52941176470588,82.6923076923077,0.13156885512773822,-0.010934115215168138,-0.14250297034290635,-0.015620164593097341,0.0
2025-07-21,2025-07-28,"AAVE,ADA,ALGO,APT,ARB,BCH,BGB,BONK,CBBTC,DOT,ENA,ETC,HBAR,ICP,JITOSOL,KAS,LINK,LTC,NEAR,ONDO,PEPE,PI,STETH,SUI,TAO,UNI,WBT,XLM,XMR,XRP","XRP,STETH,ADA,XLM,SUI,LINK,HBAR,BCH,LTC,DOT,UNI,WBT,CBBTC,XMR,PEPE,BGB,AAVE,TAO,ETC,NEAR,APT,PI,ONDO,ICP,ENA,JITOSOL,KAS,BONK,ALGO,ARB",22,73.33333333333333,0.010539428571428573,Green,Green,86.27450980392157,92.3076923076923,0.007707365222145967,0.012906660432405091,0.005199295210259124,0.018438086332007275,0.0
2025-07-28,2025-08-04,"AAVE,ADA,ALGO,APT,BCH,BGB,BONK,CBBTC,DOT,ENA,ETC,HBAR,ICP,JITOSOL,KAS,LINK,LTC,NEAR,ONDO,PENGU,PEPE,PI,STETH,SUI,TAO,UNI,WBT,XLM,XMR,XRP","XRP,STETH,ADA,SUI,XLM,LINK,HBAR,BCH,LTC,UNI,WBT,DOT,CBBTC,XMR,PEPE,BGB,AAVE,ENA,TAO,NEAR,ETC,PI,ONDO,APT,ICP,JITOSOL,KAS,PENGU,BONK,ALGO",22,73.33333333333333,0.008377688311688312,Green,Green,81.37254901960785,86.53846153846155,-0.13248249299198955,-0.030597021416489043,0.10188547157550051,-0.04371003059498435,0.0
2025-08-04,2025-08-11,"AAVE,ADA,ALGO,APT,BCH,BGB,BONK,CBBTC,DOT,ENA,ETC,HBAR,ICP,JITOSOL,KAS,LINK,LTC,NEAR,ONDO,PENGU,PEPE,PI,STETH,SUI,TAO,UNI,WBT,XLM,XMR,XRP","XRP,STETH,ADA,XLM,SUI,LINK,BCH,HBAR,LTC,CBBTC,WBT,XMR,UNI,DOT,BGB,PEPE,AAVE,ENA,TAO,ETC,NEAR,ONDO,APT,PI,ICP,JITOSOL,KAS,PENGU,ALGO,BONK",22,73.33333333333333,0.002213675324675325,Orange,Orange,34.31372549019608,36.53846153846153,0.1185938521760644,0.0310639098969965,-0.08752994227906791,0.04437701413856643,0.0
2025-08-11,2025-08-18,"AAVE,ADA,APT,ARB,BCH,BGB,CBBTC,DOT,ENA,ETC,HBAR,ICP,JITOSOL,KAS,LINK,LTC,NEAR,ONDO,PENGU,PEPE,PI,STETH,SUI,TAO,UNI,WBETH,WBT,XLM,XMR,XRP","XRP,STETH,ADA,LINK,XLM,SUI,WBETH,BCH,HBAR,LTC,UNI,WBT,CBBTC,DOT,ENA,PEPE,BGB,XMR,AAVE,TAO,ETC,NEAR,ONDO,APT,PI,ICP,JITOSOL,PENGU,KAS,ARB",22,73.33333333333333,0.00646724025974026,YellowGreen,YellowGreen,68.62745098039215,71.15384615384616,0.002434632869775022,-0.01011899822192218,-0.012553631091697203,-0.014455711745603117,0.0
2025-08-18,2025-08-25,"AAVE,ADA,ALGO,APT,ARB,BCH,BGB,CBBTC,DOT,ENA,ETC,HBAR,ICP,JITOSOL,KAS,LINK,LTC,NEAR,ONDO,PEPE,PI,STETH,SUI,TAO,UNI,WBETH,WBT,XLM,XMR,XRP","XRP,STETH,ADA,LINK,WBETH,XLM,SUI,BCH,HBAR,LTC,UNI,WBT,DOT,CBBTC,BGB,XMR,ENA,PEPE,AAVE,TAO,ETC,NEAR,APT,ONDO,PI,ICP,JITOSOL,ARB,KAS,ALGO",22,73.33333333333333,0.009012896103896105,Green,Green,82.35294117647058,86.53846153846155,-0.001405884533290517,-0.024674424748294163,-0.023268540215003648,-0.03524917821184881,0.0
2025-08-25,2025-09-01,"AAVE,ADA,ALGO,APT,ARB,BCH,BGB,CBBTC,DOT,ENA,ETC,HBAR,ICP,JITOSOL,KAS,LINK,LTC,NEAR,ONDO,PEPE,PI,STETH,SUI,TAO,UNI,WBETH,WBT,XLM,XMR,XRP","XRP,STETH,ADA,LINK,WBETH,SUI,XLM,BCH,HBAR,LTC,UNI,WBT,DOT,CBBTC,BGB,AAVE,XMR,ENA,PEPE,ETC,TAO,NEAR,APT,JITOSOL,ARB,ONDO,ICP,PI,KAS,ALGO",22,73.33333333333333,0.007232857142857143,YellowGreen,YellowGreen,75.49019607843137,76.92307692307693,-0.08572000984419113,-0.03176671629656782,0.053953293547623314,-0.04538102328081117,0.0
2025-09-01,2025-09-08,"AAVE,ADA,APT,ARB,BCH,BGB,CBBTC,DOT,ENA,ETC,HBAR,ICP,JITOSOL,LINK,LTC,NEAR,ONDO,PEPE,PI,POL,STETH,SUI,TAO,UNI,WBETH,WBT,WLFI,XLM,XMR,XRP","XRP,STETH,ADA,LINK,WBETH,SUI,XLM,BCH,HBAR,LTC,WLFI,CBBTC,WBT,UNI,DOT,BGB,XMR,AAVE,ENA,PEPE,ETC,TAO,JITOSOL,NEAR,APT,POL,PI,ONDO,ARB,ICP",22,73.33333333333333,0.0038752272727272732,Yellow,Yellow,50.0,50.0,0.019826228859117657,0.018614128992322773,-0.0012120998667948836,0.026591612846175394,0.0
2025-09-08,2025-09-15,"AAVE,ADA,APT,BCH,BGB,CBBTC,DOT,ENA,ETC,FIGR_HELOC,HBAR,JITOSOL,LINK,LTC,M,NEAR,ONDO,PEPE,PI,POL,STETH,SUI,TAO,UNI,WBETH,WBT,WLFI,XLM,XMR,XRP","XRP,STETH,ADA,LINK,WBETH,FIGR_HELOC,SUI,BCH,XLM,HBAR,LTC,WLFI,CBBTC,WBT,DOT,UNI,ENA,XMR,AAVE,BGB,PEPE,M,ETC,TAO,NEAR,JITOSOL,APT,POL,ONDO,PI",21,70.0,-0.0017043333333333329,Red,Red,14.705882352941178,7.6923076923076925,0.0635114887273459,0.026716827050883407,-0.03679466167646249,0.038166895786976296,0.0
2025-09-15,2025-09-22,"AAVE,ADA,APT,BCH,BGB,CBBTC,DOT,ENA,ETC,FIGR_HELOC,HBAR,IP,JITOSOL,LINK,LTC,M,NEAR,ONDO,PEPE,STETH,SUI,TAO,UNI,WBETH,WBT,WLD,WLFI,XLM,XMR,XRP","XRP,STETH,ADA,LINK,WBETH,SUI,XLM,FIGR_HELOC,BCH,HBAR,LTC,CBBTC,DOT,WBT,WLFI,UNI,XMR,ENA,PEPE,AAVE,BGB,M,JITOSOL,NEAR,TAO,ONDO,ETC,APT,WLD,IP",22,73.33333333333333,0.005828272727272727,YellowGreen,YellowGreen,64.70588235294117,63.46153846153846,-0.0022264356903241135,-0.0004190985978053119,0.0018073370925188017,-0.000598712282579017,0.0
2025-09-22,2025-09-29,"AAVE,ADA,APT,BCH,BGB,CBBTC,DOT,ENA,ETC,FIGR_HELOC,HBAR,IP,JITOSOL,LINK,LTC,M,NEAR,ONDO,PEPE,STETH,SUI,TAO,UNI,WBETH,WBT,WLD,WLFI,XLM,XMR,XRP","XRP,STETH,ADA,WBETH,LINK,SUI,FIGR_HELOC,XLM,BCH,HBAR,LTC,CBBTC,WLFI,DOT,WBT,UNI,XMR,AAVE,ENA,PEPE,IP,M,NEAR,BGB,JITOSOL,APT,TAO,ONDO,ETC,WLD",22,73.33333333333333,0.004352279220779221,Yellow,Yellow,52.94117647058824,48.07692307692308,-0.07476902730659797,-0.019195563404772895,0.055573463901825076,-0.027422233435389853,0.0
2025-09-29,2025-10-06,"AAVE,ADA,APT,ASTER,BCH,BGB,CBBTC,DOT,ENA,FIGR_HELOC,HBAR,IP,JITOSOL,LINK,LTC,M,MYX,NEAR,ONDO,PEPE,STETH,SUI,TAO,UNI,WBETH,WBT,WLFI,XLM,XMR,XRP","XRP,STETH,ADA,LINK,WBETH,FIGR_HELOC,XLM,SUI,BCH,HBAR,LTC,CBBTC,DOT,WLFI,WBT,XMR,UNI,AAVE,ENA,PEPE,M,BGB,NEAR,JITOSOL,ASTER,MYX,APT,TAO,IP,ONDO",22,73.33333333333333,0.00740548051948052,YellowGreen,YellowGreen,77.45098039215686,78.84615384615384,0.022390107189479515,0.07093227704355533,0.04854216985407581,0.1013318243479362,0.0
2025-10-06,2025-10-13,"AAVE,ADA,APT,ASTER,BCH,BGB,CBBTC,DOT,ENA,ETC,FIGR_HELOC,HBAR,IP,JITOSOL,LINK,LTC,M,NEAR,ONDO,PEPE,STETH,SUI,TAO,UNI,WBETH,WBT,WLFI,XLM,XMR,XRP","XRP,STETH,ADA,WBETH,LINK,SUI,FIGR_HELOC,XLM,BCH,HBAR,LTC,CBBTC,WBT,DOT,XMR,WLFI,UNI,AAVE,ENA,PEPE,BGB,APT,NEAR,JITOSOL,M,ASTER,TAO,IP,ETC,ONDO",22,73.33333333333333,0.00341374025974026,Yellow,Yellow,45.09803921568628,42.30769230769231,-0.1399166335228634,-0.04713634063059627,0.09278029289226714,-0.06733762947228039,0.0
2025-10-13,2025-10-20,"AAVE,ADA,APT,ASTER,BCH,BGB,CBBTC,DOT,ENA,ETC,FIGR_HELOC,HBAR,JITOSOL,LINK,LTC,M,NEAR,ONDO,PEPE,STETH,SUI,TAO,UNI,WBETH,WBT,WLD,WLFI,XLM,XMR,XRP","XRP,STETH,ADA,WBETH,LINK,FIGR_HELOC,XLM,BCH,SUI,CBBTC,HBAR,LTC,WBT,XMR,DOT,UNI,WLFI,AAVE,TAO,BGB,M,PEPE,NEAR,ENA,JITOSOL,APT,ONDO,ETC,ASTER,WLD",22,73.33333333333333,-0.01236951948051948,Red,Red,0.9803921568627451,0.0,-0.0558691484826075,-0.039915988626247484,0.01595315985636002,-0.05702284089463927,0.0
2025-10-20,2025-10-27,"AAVE,ADA,APT,ASTER,BCH,BGB,CBBTC,DOT,ENA,ETC,FIGR_HELOC,HBAR,JITOSOL,LINK,LTC,M,NEAR,ONDO,PEPE,STETH,SUI,TAO,UNI,WBETH,WBT,WLFI,XAUT,XLM,XMR,XRP","XRP,STETH,ADA,WBETH,FIGR_HELOC,LINK,XLM,BCH,SUI,CBBTC,HBAR,LTC,WBT,XMR,DOT,TAO,UNI,WLFI,ENA,AAVE,M,BGB,PEPE,NEAR,JITOSOL,ETC,ASTER,ONDO,APT,XAUT",21,70.0,-0.006589544217687073,Red,Red,2.941176470588235,1.9230769230769231,0.05528481427458987,0.03773127759841459,-0.017553536676175284,0.053901825140592274,0.0
2025-10-27,2025-11-03,"AAVE,ADA,APT,ASTER,BCH,BGB,CBBTC,DOT,ENA,ETC,FIGR_HELOC,HBAR,JITOSOL,JLP,LINK,LTC,M,NEAR,ONDO,PEPE,STETH,SUI,TAO,UNI,WBETH,WBT,WLFI,XLM,XMR,XRP","XRP,STETH,ADA,WBETH,FIGR_HELOC,LINK,BCH,XLM,SUI,CBBTC,HBAR,LTC,XMR,WBT,DOT,WLFI,UNI,TAO,M,AAVE,ENA,BGB,PEPE,NEAR,JITOSOL,APT,ETC,ONDO,ASTER,JLP",21,70.0,-0.0002790612244897965,Orange,Orange,22.54901960784314,21.153846153846153,-0.03202704891785884,-0.023394089658752646,0.008632959259106194,-0.033420128083932354,0.0
2025-11-03,2025-11-10,"AAVE,ADA,APT,ASTER,BCH,BGB,CBBTC,DOT,ENA,ETC,FIGR_HELOC,HBAR,ICP,JITOSOL,JLP,LINK,LTC,M,NEAR,PEPE,STETH,SUI,TAO,UNI,WBETH,WBT,WLFI,XLM,XMR,XRP","XRP,STETH,ADA,WBETH,FIGR_HELOC,LINK,BCH,XLM,SUI,HBAR,WBT,CBBTC,LTC,XMR,TAO,DOT,M,WLFI,UNI,AAVE,BGB,PEPE,NEAR,ENA,JITOSOL,ETC,ASTER,APT,ICP,JLP",21,70.0,-0.002188319727891156,Red,Red,11.76470588235294,9.615384615384617,-0.002218304722435249,-0.015619147243263944,-0.013400842520828694,-0.05368747790250539,0.07320695762829943
2025-11-10,2025-11-17,"AAVE,ADA,APT,ASTER,BCH,BGB,CBBTC,CC,DOT,ENA,ETC,FIGR_HELOC,HBAR,ICP,JITOSOL,LINK,LTC,M,NEAR,PEPE,STETH,SUI,TAO,UNI,WBETH,WBT,WLFI,XLM,XMR,XRP","XRP,STETH,ADA,FIGR_HELOC,WBETH,WBT,LINK,BCH,XLM,LTC,SUI,CBBTC,XMR,HBAR,DOT,CC,UNI,ICP,M,NEAR,TAO,WLFI,AAVE,BGB,PEPE,ETC,ENA,JITOSOL,APT,ASTER",22,73.33333333333333,-0.0062336233766233755,Red,Red,3.9215686274509802,3.8461538461538463,-0.10454325670241718,-0.11251730155783053,-0.00797404485541335,-0.09835145404700052,-0.14557094574976726
2025-11-17,2025-11-24,"AAVE,ADA,APT,ASTER,BCH,BGB,CBBTC,CC,DOT,ENA,ETC,FIGR_HELOC,HBAR,ICP,LINK,LTC,M,NEAR,PEPE,STETH,SUI,TAO,UNI,WBETH,WBT,WLFI,XAUT,XLM,XMR,XRP","XRP,STETH,ADA,FIGR_HELOC,WBT,WBETH,BCH,LINK,XLM,XMR,LTC,CBBTC,HBAR,SUI,DOT,UNI,CC,WLFI,M,TAO,NEAR,BGB,AAVE,ICP,ASTER,ETC,XAUT,APT,PEPE,ENA",22,73.33333333333333,-0.0039162727272727274,Red,Red,6.862745098039216,5.769230769230769,-0.08776070301788443,-0.08230640878636031,0.005454294231524118,-0.08078989932781022,-0.08584493085631051
2025-11-24,2025-12-01,"AAVE,ADA,ASTER,BCH,BGB,CBBTC,CC,DOT,ETC,FIGR_HELOC,HBAR,ICP,JITOSOL,JLP,LINK,LTC,M,NEAR,PI,STETH,SUI,TAO,UNI,WBETH,WBT,WLFI,XAUT,XLM,XMR,XRP","XRP,STETH,ADA,FIGR_HELOC,WBT,BCH,WBETH,LINK,XLM,XMR,CBBTC,LTC,HBAR,SUI,WLFI,UNI,DOT,M,TAO,CC,AAVE,BGB,NEAR,ASTER,ICP,XAUT,ETC,PI,JITOSOL,JLP",20,66.66666666666666,-0.0011139928571428572,Red,Red,16.666666666666664,19.230769230769234,0.013009602306575862,0.0515673346788126,0.03855773237223674,0.04174091048782591,0.07449565779111489
2025-12-01,2025-12-08,"AAVE,ADA,ASTER,BCH,BGB,CBBTC,CC,DOT,ENA,ETC,FIGR_HELOC,HBAR,ICP,LINK,LTC,M,NEAR,PEPE,PI,STETH,SUI,TAO,UNI,WBETH,WBT,WLFI,XAUT,XLM,XMR,XRP","XRP,STETH,ADA,FIGR_HELOC,WBT,BCH,WBETH,LINK,XMR,XLM,CBBTC,LTC,HBAR,SUI,WLFI,UNI,DOT,CC,TAO,AAVE,BGB,M,NEAR,XAUT,ASTER,ETC,ICP,PI,ENA,PEPE",21,70.0,-0.007036904761904762,Red,Red,1.9607843137254901,1.9230769230769231,-0.038481304573463535,0.002217732142062323,0.040699036715525855,-0.002692040127792894,0.013673867438391163
2025-12-08,2025-12-15,"AAVE,ADA,ASTER,BCH,BGB,CBBTC,CC,DOT,ENA,ETC,FIGR_HELOC,HBAR,JITOSOL,LINK,LTC,M,NEAR,PEPE,PI,STETH,SUI,TAO,UNI,WBETH,WBT,WLFI,XAUT,XLM,XMR,XRP","XRP,STETH,ADA,FIGR_HELOC,WBT,BCH,WBETH,LINK,XLM,XMR,CBBTC,LTC,SUI,HBAR,WLFI,UNI,DOT,AAVE,TAO,BGB,CC,XAUT,NEAR,M,ENA,ETC,ASTER,JITOSOL,PEPE,PI",20,66.66666666666666,-0.0023132714285714283,Red,Red,9.803921568627452,13.461538461538462,-0.007124251470026555,-0.013497959775752022,-0.006373708305725467,-0.02142935612524688,0.005008631706402644
2025-12-15,2025-12-22,"AAVE,ADA,ASTER,BCH,BGB,CBBTC,CC,DOT,ENA,ETC,FIGR_HELOC,HBAR,JITOSOL,LINK,LTC,M,NEAR,PEPE,PI,STETH,SUI,TAO,UNI,WBETH,WBT,WLFI,XAUT,XLM,XMR,XRP","XRP,STETH,ADA,FIGR_HELOC,WBT,BCH,WBETH,LINK,XMR,XLM,CBBTC,LTC,SUI,HBAR,WLFI,UNI,DOT,M,AAVE,TAO,CC,BGB,XAUT,ASTER,NEAR,ETC,JITOSOL,ENA,PEPE,PI",20,66.66666666666666,0.0011959428571428573,Orange,Yellow,29.411764705882355,42.30769230769231,-0.02505677757437569,-0.004014614395837679,0.021042163178538013,0.0039288592157338265,-0.02254938615617119
2025-12-22,2025-12-29,"AAVE,ADA,ASTER,BCH,BGB,CBBTC,CC,DOT,ETC,FIGR_HELOC,HBAR,JITOSOL,LINK,LTC,M,NEAR,NIGHT,PEPE,PI,STETH,SUI,TAO,UNI,WBETH,WBT,WLFI,XAUT,XLM,XMR,XRP","XRP,STETH,FIGR_HELOC,ADA,WBT,BCH,WBETH,LINK,XMR,XLM,CBBTC,LTC,SUI,HBAR,UNI,WLFI,CC,DOT,M,AAVE,BGB,XAUT,TAO,NEAR,ETC,NIGHT,JITOSOL,PI,PEPE,ASTER",20,66.66666666666666,-0.005712528571428572,Red,Red,4.901960784313726,7.6923076923076925,0.014093672331864116,-0.010727629803151817,-0.024821302135015932,-0.008518108673214897,-0.015883179106337963
2025-12-29,2026-01-05,"AAVE,ADA,ASTER,BCH,BGB,CBBTC,CC,DOT,ETC,FIGR_HELOC,HBAR,ICP,JITOSOL,LINK,LTC,M,NEAR,PEPE,PI,STETH,SUI,TAO,UNI,WBETH,WBT,WLFI,XAUT,XLM,XMR,XRP","XRP,STETH,FIGR_HELOC,ADA,BCH,WBT,WBETH,LINK,XMR,XLM,CBBTC,LTC,SUI,CC,HBAR,WLFI,UNI,DOT,M,BGB,XAUT,AAVE,TAO,NEAR,ETC,JITOSOL,PEPE,PI,ASTER,ICP",20,66.66666666666666,0.003950921428571429,Yellow,YellowGreen,50.98039215686274,67.3076923076923,0.08473524542845577,0.04766628971815918,-0.03706895571029659,0.040425757463666834,0.06456086497864133
2026-01-05,2026-01-12,"AAVE,ADA,ASTER,BCH,BGB,CBBTC,CC,DOT,ENA,ETC,FIGR_HELOC,HBAR,ICP,JITOSOL,LINK,LTC,M,NEAR,PEPE,STETH,SUI,TAO,UNI,WBETH,WBT,WLFI,XAUT,XLM,XMR,XRP","XRP,STETH,FIGR_HELOC,ADA,BCH,WBT,WBETH,LINK,XMR,XLM,CBBTC,SUI,LTC,CC,HBAR,WLFI,UNI,DOT,PEPE,M,TAO,BGB,AAVE,XAUT,NEAR,ETC,ENA,JITOSOL,ASTER,ICP",21,70.0,0.0038611972789115647,Yellow,YellowGreen,49.01960784313725,65.38461538461539,-0.014387835450085713,-0.0038904397944873655,0.010497395655598348,-0.0024117051053770266,-0.007340820735744824
2026-01-12,2026-01-13,"AAVE,ADA,BCH,BGB,CBBTC,CC,DOT,ENA,ETC,FIGR_HELOC,HBAR,ICP,JITOSOL,LINK,LTC,M,NEAR,PEPE,PI,STETH,SUI,TAO,UNI,WBETH,WBT,WLFI,XAUT,XLM,XMR,XRP","XRP,STETH,FIGR_HELOC,ADA,BCH,WBT,WBETH,XMR,LINK,XLM,CBBTC,SUI,LTC,CC,HBAR,WLFI,UNI,DOT,M,TAO,AAVE,BGB,PEPE,XAUT,NEAR,JITOSOL,ETC,PI,ENA,ICP",20,66.66666666666666,0.002774914285714286,Yellow,Yellow,41.17647058823529,57.692307692307686,0.06873178277988769,0.05641073878860581,-0.01232104399128188,0.050151729628463926,0.07101509349560353
